<environmentvariabledefinition schemaname="new_optedInUsers">
  <description default="A JSON list of text strings, with each string representing the email for a user that has opted into using MeetingMiner.">
    <label description="A JSON list of text strings, with each string representing the email for a user that has opted into using MeetingMiner." languagecode="1033" />
  </description>
  <displayname default="optedInUsers">
    <label description="optedInUsers" languagecode="1033" />
  </displayname>
  <introducedversion>1.0.0.0</introducedversion>
  <iscustomizable>1</iscustomizable>
  <isrequired>0</isrequired>
  <secretstore>0</secretstore>
  <type>100000003</type>
</environmentvariabledefinition>