<environmentvariabledefinition schemaname="new_meetingStartURL">
  <description default="The URL of the webhook that accepts meetingStart events. This then triggers a reminder to be sent to the meeting organizer to transcribe the meeting, which makes processing by the AI possible.">
    <label description="The URL of the webhook that accepts meetingStart events. This then triggers a reminder to be sent to the meeting organizer to transcribe the meeting, which makes processing by the AI possible." languagecode="1033" />
  </description>
  <displayname default="meetingStartURL">
    <label description="meetingStartURL" languagecode="1033" />
  </displayname>
  <introducedversion>1.0.0.3</introducedversion>
  <iscustomizable>1</iscustomizable>
  <isrequired>0</isrequired>
  <secretstore>0</secretstore>
  <type>100000000</type>
</environmentvariabledefinition>