<environmentvariabledefinition schemaname="new_production_tenant_id">
  <description default="The Azure tenant ID for the production environment.">
    <label description="The Azure tenant ID for the production environment." languagecode="1033" />
  </description>
  <displayname default="production_tenant_id">
    <label description="production_tenant_id" languagecode="1033" />
  </displayname>
  <introducedversion>1.0.0.0</introducedversion>
  <iscustomizable>1</iscustomizable>
  <isrequired>0</isrequired>
  <secretstore>0</secretstore>
  <type>100000000</type>
</environmentvariabledefinition>