<environmentvariabledefinition schemaname="new_production_client_secret">
  <description default="Production application client secret.">
    <label description="Production application client secret." languagecode="1033" />
  </description>
  <displayname default="production_client_secret">
    <label description="production_client_secret" languagecode="1033" />
  </displayname>
  <introducedversion>1.0.0.0</introducedversion>
  <iscustomizable>1</iscustomizable>
  <isrequired>0</isrequired>
  <secretstore>0</secretstore>
  <type>100000000</type>
</environmentvariabledefinition>