<environmentvariabledefinition schemaname="new_production">
  <defaultvalue>yes</defaultvalue>
  <description default="True when the solution is in production environment. Set false and use variable in solution components to take different actions in a sandbox enviornment.">
    <label description="True when the solution is in production environment. Set false and use variable in solution components to take different actions in a sandbox enviornment." languagecode="1033" />
  </description>
  <displayname default="production">
    <label description="production" languagecode="1033" />
  </displayname>
  <introducedversion>1.0.0.0</introducedversion>
  <iscustomizable>1</iscustomizable>
  <isrequired>0</isrequired>
  <secretstore>0</secretstore>
  <type>100000002</type>
</environmentvariabledefinition>