<environmentvariabledefinition schemaname="new_callRecordsNotificationURL">
  <description default="The URL of the callRecords endpoint, which is used to mine meetings.">
    <label description="The URL of the callRecords endpoint, which is used to mine meetings." languagecode="1033" />
  </description>
  <displayname default="callRecordsNotificationURL">
    <label description="callRecordsNotificationURL" languagecode="1033" />
  </displayname>
  <introducedversion>1.0.0.3</introducedversion>
  <iscustomizable>1</iscustomizable>
  <isrequired>0</isrequired>
  <secretstore>0</secretstore>
  <type>100000000</type>
</environmentvariabledefinition>