<environmentvariabledefinition schemaname="new_azureFnURLWriteFollowUpEmail">
  <description default="The URL of the Azure function that takes in a meeting summary and action items and returns a follow-up email.">
    <label description="The URL of the Azure function that takes in a meeting summary and action items and returns a follow-up email." languagecode="1033" />
  </description>
  <displayname default="azureFnURLWriteFollowUpEmail">
    <label description="azureFnURLWriteFollowUpEmail" languagecode="1033" />
  </displayname>
  <introducedversion>1.0.0.3</introducedversion>
  <iscustomizable>1</iscustomizable>
  <isrequired>0</isrequired>
  <secretstore>0</secretstore>
  <type>100000000</type>
</environmentvariabledefinition>