{
  "properties": {
    "connectionReferences": {
      "shared_commondataservice_3": {
        "runtimeSource": "embedded",
        "connection": {
          "connectionReferenceLogicalName": "new_sharedcommondataservice_278c2"
        },
        "api": {
          "name": "shared_commondataservice"
        }
      },
      "shared_office365": {
        "runtimeSource": "embedded",
        "connection": {
          "connectionReferenceLogicalName": "new_sharedoffice365_3b8ec"
        },
        "api": {
          "name": "shared_office365"
        }
      },
      "shared_office365users": {
        "runtimeSource": "embedded",
        "connection": {
          "connectionReferenceLogicalName": "new_sharedoffice365users_254a7"
        },
        "api": {
          "name": "shared_office365users"
        }
      },
      "shared_teams_1": {
        "runtimeSource": "embedded",
        "connection": {
          "connectionReferenceLogicalName": "new_sharedteams_b7116"
        },
        "api": {
          "name": "shared_teams"
        }
      }
    },
    "definition": {
      "$schema": "https://schema.management.azure.com/providers/Microsoft.Logic/schemas/2016-06-01/workflowdefinition.json#",
      "contentVersion": "1.0.0.0",
      "parameters": {
        "$connections": {
          "defaultValue": {},
          "type": "Object"
        },
        "$authentication": {
          "defaultValue": {},
          "type": "SecureObject"
        },
        "optedInUsers (new_optedInUsers)": {
          "defaultValue": {
            "optedIn": [
              "bob@infusedinnovations.com",
              "phil@infusedinnovations.com",
              "brennan@infusedinnovations.com",
              "zack@infusedinnovations.com",
              "jeff@infusedinnovations.com",
              "kristi@infusedinnovations.com",
              "brian@infusedinnovations.com",
              "erica@infusedinnovations.com",
              "dave@infusedinnovations.com"
            ]
          },
          "type": "Object",
          "metadata": {
            "schemaName": "new_optedInUsers",
            "description": "A JSON list of text strings, with each string representing the email for a user that has opted into using MeetingMiner."
          }
        },
        "production_tenant_id (new_production_tenant_id)": {
          "defaultValue": "8a692374-8817-4775-b658-3d1468a91147",
          "type": "String",
          "metadata": {
            "schemaName": "new_production_tenant_id",
            "description": "The Azure tenant ID for the production environment."
          }
        },
        "production_application_id (new_production_application_id)": {
          "defaultValue": "c7e89c75-ecef-4b34-aa8d-c341d78709d1",
          "type": "String",
          "metadata": {
            "schemaName": "new_production_application_id",
            "description": "The Azure application ID for the solution."
          }
        },
        "production_client_secret (new_production_client_secret)": {
          "defaultValue": "Cmc8Q~3NCzxQfn58vCQsVJc9g0AQdtkjg7SMzc1t",
          "type": "String",
          "metadata": {
            "schemaName": "new_production_client_secret",
            "description": "Production application client secret."
          }
        },
        "lead_mm_developer_email (new_lead_mm_developer_email)": {
          "defaultValue": "brennan@infusedinnovations.com",
          "type": "String",
          "metadata": {
            "schemaName": "new_lead_mm_developer_email",
            "description": "The email address of the lead MM developer in this environment. Used to send notifications about success/failure events of MeetingMiner app."
          }
        },
        "azureFnURLMMHTTP (new_azureFnURLMMHTTP)": {
          "defaultValue": "https://meeting-miner-http.azurewebsites.net/api/meeting_miner_http",
          "type": "String",
          "metadata": {
            "schemaName": "new_azureFnURLMMHTTP",
            "description": "The URL of the 'meeting-miner-http' function in Azure. This function processes the transcript against your GPT instance and returns a summary and actions items."
          }
        }
      },
      "triggers": {
        "manual": {
          "metadata": {
            "operationMetadataId": "6a80aea8-a74e-4b37-86b1-f55aa719af52"
          },
          "type": "Request",
          "kind": "Http",
          "inputs": {}
        }
      },
      "actions": {
        "If_validating_subscription_endpoint": {
          "actions": {
            "Request_outputs": {
              "runAfter": {},
              "metadata": {
                "operationMetadataId": "0754bc67-e151-401b-8186-f75e137cf0fe"
              },
              "type": "Compose",
              "inputs": "@triggerOutputs()"
            },
            "Validate_subscription": {
              "actions": {
                "Validate_subscription_to_onlineMeeting_changes": {
                  "runAfter": {
                    "validationToken": [
                      "Succeeded"
                    ]
                  },
                  "metadata": {
                    "operationMetadataId": "260c3370-767a-479d-9355-2740b4d9e23c"
                  },
                  "type": "Response",
                  "kind": "Http",
                  "inputs": {
                    "statusCode": 200,
                    "headers": {
                      "content-type": "text/plain"
                    },
                    "body": "@outputs('validationToken')"
                  },
                  "description": "This will only be the point of the incoming request sometimes."
                },
                "validationToken": {
                  "runAfter": {},
                  "metadata": {
                    "operationMetadataId": "7e28f428-6678-44e8-bc87-165840d6dc09"
                  },
                  "type": "Compose",
                  "inputs": "@outputs('Request_outputs')?['queries']['validationToken']"
                }
              },
              "runAfter": {
                "Request_outputs": [
                  "Succeeded"
                ]
              },
              "metadata": {
                "operationMetadataId": "7627bbf0-cbf5-4fc3-a8bd-ce5aa2eb4176"
              },
              "type": "Scope"
            }
          },
          "runAfter": {
            "Set_parameters_for_dev_vs_prod": [
              "Succeeded"
            ]
          },
          "else": {
            "actions": {
              "Resource_type_is_callRecord": {
                "actions": {
                  "If_organizer_has_opted_in": {
                    "actions": {
                      "Mine_meeting": {
                        "actions": {
                          "Retrieve_meeting_object": {
                            "runAfter": {},
                            "metadata": {
                              "operationMetadataId": "b70e61ab-31d3-44b3-994f-740a964642ad"
                            },
                            "type": "Http",
                            "inputs": {
                              "method": "GET",
                              "uri": "https://graph.microsoft.com/beta/users('@{variables('organizerID')}')/onlineMeetings?$filter=JoinWebUrl%20eq%20'@{variables('meetingURL')}'",
                              "headers": {
                                "Authorization": "Bearer @{body('Get_access_token')?['access_token']}"
                              }
                            },
                            "description": "Needs an 'application access policy'. https://docs.microsoft.com/en-us/graph/cloud-communication-online-meeting-application-access-policy"
                          },
                          "Set_meetingID": {
                            "runAfter": {
                              "Retrieve_meeting_object": [
                                "Succeeded"
                              ]
                            },
                            "metadata": {
                              "operationMetadataId": "db1f4a73-8fc3-416d-82f0-62be3c21de8c"
                            },
                            "type": "SetVariable",
                            "inputs": {
                              "name": "meetingID",
                              "value": "@{body('Retrieve_meeting_object')?['value'][0]['id']}"
                            }
                          },
                          "Get_or_create_Dataverse_object_for_meeting": {
                            "actions": {
                              "Retrieve_existing_object": {
                                "runAfter": {},
                                "metadata": {
                                  "operationMetadataId": "472af047-36ab-448a-b4ab-caef95907d54"
                                },
                                "type": "OpenApiConnection",
                                "inputs": {
                                  "host": {
                                    "connectionName": "shared_commondataservice_3",
                                    "operationId": "GetItems_V2",
                                    "apiId": "/providers/Microsoft.PowerApps/apis/shared_commondataservice"
                                  },
                                  "parameters": {
                                    "dataset": "https://org9e1f0ee9.crm.dynamics.com",
                                    "table": "cr496_meetings",
                                    "$filter": "cr496_microsoftmeetingid eq '@{variables('meetingID')}' and cr496_callrecordid eq '@{outputs('callRecordID')}'"
                                  },
                                  "authentication": "@parameters('$authentication')"
                                }
                              },
                              "Meeting_is_tracked_in_Dataverse": {
                                "actions": {
                                  "Set_dataverseMeetingUniqueID": {
                                    "runAfter": {},
                                    "metadata": {
                                      "operationMetadataId": "ba2d6415-ce96-4283-ac1c-c5f93be5bf2b"
                                    },
                                    "type": "SetVariable",
                                    "inputs": {
                                      "name": "dataverseMeetingUniqueID",
                                      "value": "@{outputs('Retrieve_existing_object')?['body/value'][0]['cr496_MeetingId']}"
                                    }
                                  }
                                },
                                "runAfter": {
                                  "Retrieve_existing_object": [
                                    "Succeeded"
                                  ]
                                },
                                "else": {
                                  "actions": {
                                    "Add_a_new_row_(legacy)": {
                                      "runAfter": {},
                                      "metadata": {
                                        "operationMetadataId": "e3d0ecf9-b0a6-4470-b1ee-9f425f8837f1"
                                      },
                                      "type": "OpenApiConnection",
                                      "inputs": {
                                        "host": {
                                          "connectionName": "shared_commondataservice_3",
                                          "operationId": "PostItem_V2",
                                          "apiId": "/providers/Microsoft.PowerApps/apis/shared_commondataservice"
                                        },
                                        "parameters": {
                                          "dataset": "https://org9e1f0ee9.crm.dynamics.com",
                                          "table": "cr496_meetings",
                                          "item/cr496_microsoftmeetingid": "@variables('meetingID')",
                                          "item/cr496_name": "@body('Retrieve_meeting_object')?['value'][0]['subject']",
                                          "item/cr496_callrecordid": "@outputs('callRecordID')",
                                          "item/cr496_transcribed": false,
                                          "item/_ownerid_value": "@variables('organizerDynamicsID')",
                                          "item/_ownerid_type": "systemusers"
                                        },
                                        "authentication": "@parameters('$authentication')"
                                      }
                                    },
                                    "Set_dataverseMeetingUniqueID_B": {
                                      "runAfter": {
                                        "Add_a_new_row_(legacy)": [
                                          "Succeeded"
                                        ]
                                      },
                                      "metadata": {
                                        "operationMetadataId": "5fbd74bc-6ce6-4144-9dcc-b5b4b18d6eb7"
                                      },
                                      "type": "SetVariable",
                                      "inputs": {
                                        "name": "dataverseMeetingUniqueID",
                                        "value": "@{outputs('Add_a_new_row_(legacy)')?['body']['cr496_MeetingId']}"
                                      }
                                    }
                                  }
                                },
                                "expression": {
                                  "greater": [
                                    "@length(outputs('Retrieve_existing_object')?['body/value'])",
                                    0
                                  ]
                                },
                                "metadata": {
                                  "operationMetadataId": "3b7f52bd-19a9-4e52-9e10-7a976514b425"
                                },
                                "type": "If"
                              }
                            },
                            "runAfter": {
                              "Set_meetingID": [
                                "Succeeded"
                              ]
                            },
                            "metadata": {
                              "operationMetadataId": "b98f5378-c2d8-4f08-ae7e-cefc9ff5b368"
                            },
                            "type": "Scope"
                          },
                          "Retrieve_transcript_ID": {
                            "runAfter": {
                              "Get_or_create_Dataverse_object_for_meeting": [
                                "Succeeded"
                              ]
                            },
                            "metadata": {
                              "operationMetadataId": "6630bb7e-d60c-452d-8e1b-a56277fa41c3"
                            },
                            "type": "Http",
                            "inputs": {
                              "method": "GET",
                              "uri": "https://graph.microsoft.com/beta/users('@{variables('organizerID')}')/onlineMeetings('@{variables('meetingID')}')/transcripts",
                              "headers": {
                                "Authorization": "Bearer @{body('Get_access_token')?['access_token']}"
                              }
                            }
                          },
                          "If_transcript_was_recorded": {
                            "actions": {
                              "latestTranscriptIndex": {
                                "runAfter": {},
                                "metadata": {
                                  "operationMetadataId": "d5504c21-f8c9-4dc9-99ed-4f4c8ca841a4"
                                },
                                "type": "Compose",
                                "inputs": "@sub(body('Retrieve_transcript_ID')?['@odata.count'], 1)",
                                "description": "Access the element at ((# of transcripts available) - 1)"
                              },
                              "Set_transcriptID": {
                                "runAfter": {
                                  "latestTranscriptIndex": [
                                    "Succeeded"
                                  ]
                                },
                                "metadata": {
                                  "operationMetadataId": "76ebf115-0a4f-4cb0-acec-3cab3a1f368e"
                                },
                                "type": "SetVariable",
                                "inputs": {
                                  "name": "transcriptID",
                                  "value": "@{body('Retrieve_transcript_ID')?['value'][0]['id']}"
                                }
                              },
                              "Meeting_already_transcribed": {
                                "actions": {},
                                "runAfter": {
                                  "Get_row_(legacy)": [
                                    "Succeeded"
                                  ]
                                },
                                "else": {
                                  "actions": {
                                    "Send_an_email_(V2)": {
                                      "runAfter": {
                                        "Compose": [
                                          "Succeeded"
                                        ]
                                      },
                                      "metadata": {
                                        "operationMetadataId": "f05e3636-3ea0-4743-83d1-bfcc264b45b6"
                                      },
                                      "type": "OpenApiConnection",
                                      "inputs": {
                                        "host": {
                                          "connectionName": "shared_office365",
                                          "operationId": "SendEmailV2",
                                          "apiId": "/providers/Microsoft.PowerApps/apis/shared_office365"
                                        },
                                        "parameters": {
                                          "emailMessage/To": "@parameters('lead_mm_developer_email (new_lead_mm_developer_email)')",
                                          "emailMessage/Subject": "@{variables('organizerEmailAddress')} transcribed a meeting!",
                                          "emailMessage/Body": "<p>@{variables('organizerEmailAddress')} transcribed a meeting! <a href=\"https://make.powerapps.com/environments/default-8a692374-8817-4775-b658-3d1468a91147/entities/368a7538-a038-ec11-b6e6-0022480a132d/charts\">View usage volume data.</a>&nbsp;</p>",
                                          "emailMessage/Importance": "Normal"
                                        },
                                        "authentication": "@parameters('$authentication')"
                                      }
                                    },
                                    "Mark_meeting_as_transcribed": {
                                      "runAfter": {},
                                      "metadata": {
                                        "operationMetadataId": "8c1fc0d7-6356-45b2-b65a-31599ef9c27b"
                                      },
                                      "type": "OpenApiConnection",
                                      "inputs": {
                                        "host": {
                                          "connectionName": "shared_commondataservice_3",
                                          "operationId": "PatchItem_V2",
                                          "apiId": "/providers/Microsoft.PowerApps/apis/shared_commondataservice"
                                        },
                                        "parameters": {
                                          "dataset": "https://org9e1f0ee9.crm.dynamics.com",
                                          "table": "cr496_meetings",
                                          "id": "@variables('dataverseMeetingUniqueID')",
                                          "item/cr496_transcribed": true,
                                          "item/_ownerid_type": ""
                                        },
                                        "authentication": "@parameters('$authentication')"
                                      },
                                      "description": "In other words, action has already been taken to process this meeting. Do this first before mining meeting so that multiple events cannot overlap to double-mine at start."
                                    },
                                    "Retrieve_transcript_content": {
                                      "runAfter": {
                                        "Mark_meeting_as_transcribed": [
                                          "Succeeded"
                                        ]
                                      },
                                      "metadata": {
                                        "operationMetadataId": "bfd83e1e-4f38-41f1-9d91-df5a0c242d67"
                                      },
                                      "type": "Http",
                                      "inputs": {
                                        "method": "GET",
                                        "uri": "https://graph.microsoft.com/beta/users('@{variables('organizerID')}')/onlineMeetings('@{variables('meetingID')}')/transcripts('@{variables('transcriptID')}')/content?$format=text/vtt",
                                        "headers": {
                                          "Authorization": "Bearer @{body('Get_access_token')?['access_token']}"
                                        }
                                      }
                                    },
                                    "transcriptBytes": {
                                      "runAfter": {
                                        "Retrieve_transcript_content": [
                                          "Succeeded"
                                        ]
                                      },
                                      "metadata": {
                                        "operationMetadataId": "10901675-49d4-41e7-b162-ddc2148a8923"
                                      },
                                      "type": "Compose",
                                      "inputs": "@base64(body('Retrieve_transcript_content'))"
                                    },
                                    "Store_transcript_as_bytes_in_database": {
                                      "runAfter": {
                                        "transcriptBytes": [
                                          "Succeeded"
                                        ]
                                      },
                                      "metadata": {
                                        "operationMetadataId": "1e82c86a-61a1-43de-95cb-8a6ef6afe04a"
                                      },
                                      "type": "OpenApiConnection",
                                      "inputs": {
                                        "host": {
                                          "connectionName": "shared_commondataservice_3",
                                          "operationId": "PostItem_V2",
                                          "apiId": "/providers/Microsoft.PowerApps/apis/shared_commondataservice"
                                        },
                                        "parameters": {
                                          "dataset": "https://org9e1f0ee9.crm.dynamics.com",
                                          "table": "cr496_transcripts",
                                          "item/cr496_name": "II",
                                          "item/cr496_transcriptcontentbytes": "@outputs('transcriptBytes')",
                                          "item/_cr496_meeting_value": "@variables('dataverseMeetingUniqueID')",
                                          "item/_ownerid_value": "@variables('organizerDynamicsID')",
                                          "item/_ownerid_type": "systemusers"
                                        },
                                        "authentication": "@parameters('$authentication')"
                                      }
                                    },
                                    "Call_Azure_function_to_run_Python_code": {
                                      "runAfter": {
                                        "Store_transcript_as_bytes_in_database": [
                                          "Succeeded"
                                        ]
                                      },
                                      "metadata": {
                                        "operationMetadataId": "521617d7-38a9-4855-9403-cc68dda7edcd"
                                      },
                                      "type": "Http",
                                      "inputs": {
                                        "method": "POST",
                                        "uri": "@parameters('azureFnURLMMHTTP (new_azureFnURLMMHTTP)')",
                                        "headers": {
                                          "Content-Type": "application/octet-stream"
                                        },
                                        "body": "@outputs('transcriptBytes')",
                                        "retryPolicy": {
                                          "type": "none"
                                        }
                                      }
                                    },
                                    "Convert_request_body_to_JSON": {
                                      "runAfter": {
                                        "Call_Azure_function_to_run_Python_code": [
                                          "Succeeded"
                                        ]
                                      },
                                      "metadata": {
                                        "operationMetadataId": "d23bf181-4a9d-4ded-84db-52359d913a4e"
                                      },
                                      "type": "Compose",
                                      "inputs": "@json(body('Call_Azure_function_to_run_Python_code'))"
                                    },
                                    "Follow_ups": {
                                      "runAfter": {
                                        "Convert_request_body_to_JSON": [
                                          "Succeeded"
                                        ]
                                      },
                                      "metadata": {
                                        "operationMetadataId": "6af12211-e587-45d8-811f-781dcaf12050"
                                      },
                                      "type": "Compose",
                                      "inputs": "@outputs('Convert_request_body_to_JSON')?['action_items']"
                                    },
                                    "Store_each_follow_up_item_in_the_database": {
                                      "foreach": "@outputs('Follow_ups')",
                                      "actions": {
                                        "Search_for_existing_action_item": {
                                          "runAfter": {},
                                          "metadata": {
                                            "operationMetadataId": "4e05ce1e-930d-4615-9ccb-fa80954886b5"
                                          },
                                          "type": "OpenApiConnection",
                                          "inputs": {
                                            "host": {
                                              "connectionName": "shared_commondataservice_3",
                                              "operationId": "GetItems_V2",
                                              "apiId": "/providers/Microsoft.PowerApps/apis/shared_commondataservice"
                                            },
                                            "parameters": {
                                              "dataset": "https://org9e1f0ee9.crm.dynamics.com",
                                              "table": "cr496_actionitems",
                                              "$filter": "cr496_rawspeech eq '@{replace(item(),'''','''''')}'"
                                            },
                                            "authentication": "@parameters('$authentication')"
                                          }
                                        },
                                        "If_action_item_exists_with_same_content": {
                                          "actions": {},
                                          "runAfter": {
                                            "Search_for_existing_action_item": [
                                              "Succeeded"
                                            ]
                                          },
                                          "else": {
                                            "actions": {
                                              "Create_action_item_attached_to_this_meeting": {
                                                "runAfter": {},
                                                "metadata": {
                                                  "operationMetadataId": "1bbe02c8-f859-41d6-aa4e-d7f1f2a26956"
                                                },
                                                "type": "OpenApiConnection",
                                                "inputs": {
                                                  "host": {
                                                    "connectionName": "shared_commondataservice_3",
                                                    "operationId": "PostItem_V2",
                                                    "apiId": "/providers/Microsoft.PowerApps/apis/shared_commondataservice"
                                                  },
                                                  "parameters": {
                                                    "dataset": "https://org9e1f0ee9.crm.dynamics.com",
                                                    "table": "cr496_actionitems",
                                                    "item/cr496_name": "II",
                                                    "item/cr496_rawspeech": "@item()",
                                                    "item/_cr496_meeting_value": "@variables('dataverseMeetingUniqueID')",
                                                    "item/_ownerid_value": "@variables('organizerDynamicsID')",
                                                    "item/_ownerid_type": "systemusers"
                                                  },
                                                  "authentication": "@parameters('$authentication')"
                                                }
                                              }
                                            }
                                          },
                                          "expression": {
                                            "greater": [
                                              "@length(outputs('Search_for_existing_action_item')?['body/value'])",
                                              0
                                            ]
                                          },
                                          "metadata": {
                                            "operationMetadataId": "6457437d-f027-4522-b05e-bedc0d80e555"
                                          },
                                          "type": "If"
                                        }
                                      },
                                      "runAfter": {
                                        "Follow_ups": [
                                          "Succeeded"
                                        ]
                                      },
                                      "metadata": {
                                        "operationMetadataId": "644dbbb2-cc1d-48fb-885a-969392f33a53"
                                      },
                                      "type": "Foreach"
                                    },
                                    "Meeting_summary": {
                                      "runAfter": {
                                        "Store_each_follow_up_item_in_the_database": [
                                          "Succeeded"
                                        ]
                                      },
                                      "metadata": {
                                        "operationMetadataId": "2b7bc3fd-ea5a-4f24-9cbb-d8429848585d"
                                      },
                                      "type": "Compose",
                                      "inputs": "@outputs('Convert_request_body_to_JSON')?['meeting_summary']"
                                    },
                                    "Meeting_attendees_string": {
                                      "runAfter": {
                                        "Meeting_summary": [
                                          "Succeeded"
                                        ]
                                      },
                                      "metadata": {
                                        "operationMetadataId": "b96461f7-17ae-4edf-94b5-440cd484bd15"
                                      },
                                      "type": "Compose",
                                      "inputs": "@outputs('Convert_request_body_to_JSON')?['general_meeting_metrics']['attendees_str']"
                                    },
                                    "Meeting_length_string": {
                                      "runAfter": {
                                        "Meeting_attendees_string": [
                                          "Succeeded"
                                        ]
                                      },
                                      "metadata": {
                                        "operationMetadataId": "99bf002f-1ff0-4a27-b2cb-6d79fd01bc6f"
                                      },
                                      "type": "Compose",
                                      "inputs": "@outputs('Convert_request_body_to_JSON')?['general_meeting_metrics']['meeting_length']"
                                    },
                                    "Store_meeting_summary_in_database": {
                                      "runAfter": {
                                        "Meeting_length_string": [
                                          "Succeeded"
                                        ]
                                      },
                                      "metadata": {
                                        "operationMetadataId": "969cc844-ddf9-4567-8904-129bada14060"
                                      },
                                      "type": "OpenApiConnection",
                                      "inputs": {
                                        "host": {
                                          "connectionName": "shared_commondataservice_3",
                                          "operationId": "PostItem_V2",
                                          "apiId": "/providers/Microsoft.PowerApps/apis/shared_commondataservice"
                                        },
                                        "parameters": {
                                          "dataset": "https://org9e1f0ee9.crm.dynamics.com",
                                          "table": "cr496_meetingsummaries",
                                          "item/cr496_attendees": "@outputs('Meeting_attendees_string')",
                                          "item/cr496_meetinglength": "@outputs('Meeting_length_string')",
                                          "item/cr496_name": "II",
                                          "item/cr496_summarizedcontent": "@outputs('Meeting_summary')",
                                          "item/_cr496_meeting_value": "@variables('dataverseMeetingUniqueID')",
                                          "item/_ownerid_value": "@variables('organizerDynamicsID')",
                                          "item/_ownerid_type": "systemusers"
                                        },
                                        "authentication": "@parameters('$authentication')"
                                      }
                                    },
                                    "Zero_follow_ups_identified": {
                                      "actions": {
                                        "Set_messageContent": {
                                          "runAfter": {},
                                          "metadata": {
                                            "operationMetadataId": "0124a544-be1a-4060-99ca-a36ee2c5e8e3"
                                          },
                                          "type": "SetVariable",
                                          "inputs": {
                                            "name": "messageContent",
                                            "value": "Summary: @{outputs('Meeting_summary')}\n\nNo follow-ups were identified from this meeting."
                                          }
                                        }
                                      },
                                      "runAfter": {
                                        "Store_meeting_summary_in_database": [
                                          "Succeeded"
                                        ]
                                      },
                                      "else": {
                                        "actions": {
                                          "Set_messageContent_B": {
                                            "runAfter": {},
                                            "metadata": {
                                              "operationMetadataId": "373e83e2-5fa1-45e9-9da4-9f2440694bef"
                                            },
                                            "type": "SetVariable",
                                            "inputs": {
                                              "name": "messageContent",
                                              "value": "Summary: @{outputs('Meeting_summary')}\n\nFollow-up items:\n"
                                            }
                                          }
                                        }
                                      },
                                      "expression": {
                                        "less": [
                                          "@length(outputs('Follow_ups'))",
                                          1
                                        ]
                                      },
                                      "metadata": {
                                        "operationMetadataId": "436b13aa-271a-4055-932e-ef3c18341a6d"
                                      },
                                      "type": "If",
                                      "description": "'<tr>' denotes a row of an HTML table. If there are no rows in the table, then no follow-ups were identified/returned."
                                    },
                                    "If_in_production": {
                                      "actions": {
                                        "Get_user_profile_(V2)_II": {
                                          "runAfter": {},
                                          "metadata": {
                                            "operationMetadataId": "dea82f5a-3441-4af6-8998-99d14c157ff9"
                                          },
                                          "type": "OpenApiConnection",
                                          "inputs": {
                                            "host": {
                                              "connectionName": "shared_office365users",
                                              "operationId": "UserProfile_V2",
                                              "apiId": "/providers/Microsoft.PowerApps/apis/shared_office365users"
                                            },
                                            "parameters": {
                                              "id": "@variables('organizerID')"
                                            },
                                            "authentication": "@parameters('$authentication')"
                                          }
                                        },
                                        "Post_message_in_a_chat_or_channel_II": {
                                          "runAfter": {
                                            "Get_user_profile_(V2)_II": [
                                              "Succeeded"
                                            ]
                                          },
                                          "metadata": {
                                            "operationMetadataId": "d207394a-5924-44ce-8921-9aca3c32a6e4"
                                          },
                                          "type": "OpenApiConnection",
                                          "inputs": {
                                            "host": {
                                              "connectionName": "shared_teams_1",
                                              "operationId": "PostMessageToConversation",
                                              "apiId": "/providers/Microsoft.PowerApps/apis/shared_teams"
                                            },
                                            "parameters": {
                                              "poster": "Flow bot",
                                              "location": "Chat with Flow bot",
                                              "body/recipient": "@{outputs('Get_user_profile_(V2)_II')?['body/mail']};",
                                              "body/messageBody": "<p>Your meeting data has been processed! <a href=\"https://apps.powerapps.com/play/e/default-8a692374-8817-4775-b658-3d1468a91147/a/f3c4a2f6-3166-47b8-8096-7e3c024977ac?tenantId=8a692374-8817-4775-b658-3d1468a91147&amp;source=portal\">View information</a>.<strong><br>\n<br>\nSubject: </strong><strong>@{body('Retrieve_meeting_object')?['value'][0]['subject']}</strong><strong><br>\n<br>\nMeeting attendees:</strong> @{outputs('Meeting_attendees_string')}<br>\n<br>\n<strong>Meeting length:</strong> @{outputs('Meeting_length_string')}<br>\n<br>\n<em>Please feel free to help improve the product by </em><a href=\"https://forms.office.com/Pages/ResponsePage.aspx?id=dCNpiheIdUe2WD0UaKkRR1P3BKAhygJAozeFPJKs1YFURFJaVlVBMFNXMjUzVkVMUkkyMlZPR0lNMC4u\"><em>providing feedback</em></a><em> .</em><br>\n</p>"
                                            },
                                            "authentication": "@parameters('$authentication')"
                                          },
                                          "description": "Will want to return this to the meeting organizer but right now just send to my account."
                                        }
                                      },
                                      "runAfter": {
                                        "Zero_follow_ups_identified": [
                                          "Succeeded"
                                        ]
                                      },
                                      "else": {
                                        "actions": {
                                          "Get_user_profile_(V2)": {
                                            "runAfter": {},
                                            "metadata": {
                                              "operationMetadataId": "df47b557-6326-47e4-b020-a328e475e575"
                                            },
                                            "type": "OpenApiConnection",
                                            "inputs": {
                                              "host": {
                                                "connectionName": "shared_office365users",
                                                "operationId": "UserProfile_V2",
                                                "apiId": "/providers/Microsoft.PowerApps/apis/shared_office365users"
                                              },
                                              "parameters": {
                                                "id": "@variables('organizerID')"
                                              },
                                              "authentication": "@parameters('$authentication')"
                                            }
                                          },
                                          "Post_message_in_a_chat_or_channel": {
                                            "runAfter": {
                                              "Get_user_profile_(V2)": [
                                                "Succeeded"
                                              ]
                                            },
                                            "metadata": {
                                              "operationMetadataId": "7ea23998-f6dd-4de9-9eeb-3152b1be9d5c"
                                            },
                                            "type": "OpenApiConnection",
                                            "inputs": {
                                              "host": {
                                                "connectionName": "shared_teams_1",
                                                "operationId": "PostMessageToConversation",
                                                "apiId": "/providers/Microsoft.PowerApps/apis/shared_teams"
                                              },
                                              "parameters": {
                                                "poster": "Flow bot",
                                                "location": "Chat with Flow bot",
                                                "body/recipient": "@{outputs('Get_user_profile_(V2)')?['body/mail']};",
                                                "body/messageBody": "<p>Your meeting data has been processed! <a href=\"https://apps.powerapps.com/play/e/default-8a692374-8817-4775-b658-3d1468a91147/a/f3c4a2f6-3166-47b8-8096-7e3c024977ac?tenantId=8a692374-8817-4775-b658-3d1468a91147&amp;source=portal\">View information</a>.<br>\n<br>\n<strong>Subject:</strong> @{body('Retrieve_meeting_object')?['value'][0]['subject']}<br>\n<strong><br>\nMeeting attendees:</strong> @{outputs('Meeting_attendees_string')}<br>\n<br>\n<strong>Meeting length:</strong> @{outputs('Meeting_length_string')}<br>\n<br>\n<em>Please feel free to help improve the product by </em><a href=\"\"><em>providing feedback</em></a><em> &nbsp;.</em></p>"
                                              },
                                              "authentication": "@parameters('$authentication')"
                                            }
                                          }
                                        }
                                      },
                                      "expression": {
                                        "equals": [
                                          "@outputs('productionEnv')",
                                          "@true"
                                        ]
                                      },
                                      "metadata": {
                                        "operationMetadataId": "0407b7d4-b99a-472a-bea6-edb761a22b40"
                                      },
                                      "type": "If"
                                    },
                                    "Compose": {
                                      "runAfter": {
                                        "If_in_production": [
                                          "Succeeded"
                                        ]
                                      },
                                      "metadata": {
                                        "operationMetadataId": "a5dde8c3-49f6-480f-b2e2-3603ab5e1fac"
                                      },
                                      "type": "Compose",
                                      "inputs": "gg"
                                    }
                                  }
                                },
                                "expression": {
                                  "equals": [
                                    "@outputs('Get_row_(legacy)')?['body/cr496_transcribed']",
                                    "@true"
                                  ]
                                },
                                "metadata": {
                                  "operationMetadataId": "81c438b3-dd58-4fce-9ca6-c45748966452"
                                },
                                "type": "If",
                                "description": "If not, process the meeting transcript."
                              },
                              "Get_row_(legacy)": {
                                "runAfter": {
                                  "Set_transcriptID": [
                                    "Succeeded"
                                  ]
                                },
                                "metadata": {
                                  "operationMetadataId": "441eda13-d66a-4ae4-b4ad-b6e87b906016"
                                },
                                "type": "OpenApiConnection",
                                "inputs": {
                                  "host": {
                                    "connectionName": "shared_commondataservice_3",
                                    "operationId": "GetItem_V2",
                                    "apiId": "/providers/Microsoft.PowerApps/apis/shared_commondataservice"
                                  },
                                  "parameters": {
                                    "dataset": "https://org9e1f0ee9.crm.dynamics.com",
                                    "table": "cr496_meetings",
                                    "id": "@variables('dataverseMeetingUniqueID')"
                                  },
                                  "authentication": "@parameters('$authentication')"
                                }
                              }
                            },
                            "runAfter": {
                              "Retrieve_transcript_ID": [
                                "Succeeded"
                              ]
                            },
                            "expression": {
                              "and": [
                                {
                                  "greater": [
                                    "@length(body('Retrieve_transcript_ID')?['value'])",
                                    0
                                  ]
                                },
                                {
                                  "equals": [
                                    "@formatDateTime(body('Retrieve_transcript_ID')?['value'][0]['createdDateTime'], 'M/dd/yyyy')",
                                    "@formatDateTime(utcNow(), 'M/dd/yyyy')"
                                  ]
                                }
                              ]
                            },
                            "metadata": {
                              "operationMetadataId": "f4f2c707-3d58-43e6-92d2-80a9c161e884"
                            },
                            "type": "If",
                            "description": "For recurring meetings, many transcripts will exist. IMPORTANT: the AI should process a transcript only if one exists for this meeting, i.e., it was created today."
                          }
                        },
                        "runAfter": {},
                        "metadata": {
                          "operationMetadataId": "6bd83fc9-aa1c-46e3-8a73-d0fc8a2bf2ac"
                        },
                        "type": "Scope"
                      }
                    },
                    "runAfter": {
                      "Retrieve_meeting_metadata": [
                        "Succeeded"
                      ]
                    },
                    "expression": {
                      "contains": [
                        "@variables('optedInUsers')",
                        "@variables('organizerEmailAddress')"
                      ]
                    },
                    "metadata": {
                      "operationMetadataId": "14910992-fb61-4459-92f5-c3d5a6fd07ba"
                    },
                    "type": "If",
                    "description": "If the meeting organizer has not opted in to using this service (they are not included in an application access policy) then the flow run would fail if it proceeded."
                  },
                  "Retrieve_meeting_metadata": {
                    "actions": {
                      "singleQuote": {
                        "runAfter": {},
                        "metadata": {
                          "operationMetadataId": "107f3aac-bd1d-4c9b-b09b-d0fa9c7326a2"
                        },
                        "type": "Compose",
                        "inputs": "'"
                      },
                      "Set_chatID": {
                        "runAfter": {
                          "singleQuote": [
                            "Succeeded"
                          ]
                        },
                        "metadata": {
                          "operationMetadataId": "2bb55915-5ed8-4afa-9b31-5aea5f3fbebe"
                        },
                        "type": "SetVariable",
                        "inputs": {
                          "name": "chatID",
                          "value": "@{split(triggerBody()?['value'][0]['resource'], outputs('singleQuote'))?[1]}"
                        },
                        "description": "This expression parses the chat ID from the string provided."
                      },
                      "If_organizer_ID_is_available": {
                        "actions": {
                          "If_in_production_2": {
                            "actions": {
                              "Get_user_profile_(V2)_II_2": {
                                "runAfter": {},
                                "metadata": {
                                  "operationMetadataId": "dea82f5a-3441-4af6-8998-99d14c157ff9"
                                },
                                "type": "OpenApiConnection",
                                "inputs": {
                                  "host": {
                                    "connectionName": "shared_office365users",
                                    "operationId": "UserProfile_V2",
                                    "apiId": "/providers/Microsoft.PowerApps/apis/shared_office365users"
                                  },
                                  "parameters": {
                                    "id": "@variables('organizerID')"
                                  },
                                  "authentication": "@parameters('$authentication')"
                                }
                              },
                              "Set_organizerEmailAddress": {
                                "runAfter": {
                                  "Get_user_profile_(V2)_II_2": [
                                    "Succeeded"
                                  ]
                                },
                                "metadata": {
                                  "operationMetadataId": "5f53e1ba-cb97-46ad-be88-4134848a09ae"
                                },
                                "type": "SetVariable",
                                "inputs": {
                                  "name": "organizerEmailAddress",
                                  "value": "@outputs('Get_user_profile_(V2)_II_2')?['body/mail']"
                                }
                              },
                              "Retrieve_Dynamics_user_object": {
                                "runAfter": {
                                  "Set_organizerEmailAddress": [
                                    "Succeeded"
                                  ]
                                },
                                "metadata": {
                                  "operationMetadataId": "1eb00aed-7860-49d1-aae6-61c3abe611ca"
                                },
                                "type": "OpenApiConnection",
                                "inputs": {
                                  "host": {
                                    "connectionName": "shared_commondataservice_3",
                                    "operationId": "GetItems_V2",
                                    "apiId": "/providers/Microsoft.PowerApps/apis/shared_commondataservice"
                                  },
                                  "parameters": {
                                    "dataset": "https://org9e1f0ee9.crm.dynamics.com",
                                    "table": "systemusers",
                                    "$filter": "internalemailaddress eq '@{variables('organizerEmailAddress')}'"
                                  },
                                  "authentication": "@parameters('$authentication')"
                                }
                              },
                              "Set_Dynamics_ID": {
                                "runAfter": {
                                  "Retrieve_Dynamics_user_object": [
                                    "Succeeded"
                                  ]
                                },
                                "metadata": {
                                  "operationMetadataId": "f7577f61-0e58-4470-875c-5e0e1e39532e"
                                },
                                "type": "SetVariable",
                                "inputs": {
                                  "name": "organizerDynamicsID",
                                  "value": "@{outputs('Retrieve_Dynamics_user_object')?['body/value']?[0]['systemuserid']}"
                                }
                              }
                            },
                            "runAfter": {},
                            "expression": {
                              "equals": [
                                "@outputs('productionEnv')",
                                "@true"
                              ]
                            },
                            "metadata": {
                              "operationMetadataId": "0407b7d4-b99a-472a-bea6-edb761a22b40"
                            },
                            "type": "If",
                            "description": "Check that the meeting organizer is one of those users who has opted into using this service (included in an application access policy), otherwise the flow run will fail. Needs different connections for dev versus prod environments."
                          }
                        },
                        "runAfter": {
                          "Call_record_contains_organizer_ID": [
                            "Succeeded"
                          ]
                        },
                        "expression": {
                          "greater": [
                            "@length(variables('organizerID'))",
                            0
                          ]
                        },
                        "metadata": {
                          "operationMetadataId": "a8ef107f-56af-4e10-b5f1-50bca9d2b832"
                        },
                        "type": "If",
                        "description": "If the call type is peerToPeer, no organizer ID will be available, and the flow run will fail."
                      },
                      "Get_callRecord": {
                        "runAfter": {
                          "Set_chatID": [
                            "Succeeded"
                          ]
                        },
                        "metadata": {
                          "operationMetadataId": "2ff175d6-0df9-443e-9aba-e2b09dae082e"
                        },
                        "type": "Http",
                        "inputs": {
                          "method": "GET",
                          "uri": "https://graph.microsoft.com/v1.0/communications/callRecords/@{triggerBody()?['value'][0]['resourceData']['id']}",
                          "headers": {
                            "Authorization": "Bearer @{body('Get_access_token')?['access_token']}"
                          }
                        }
                      },
                      "Call_record_contains_organizer_ID": {
                        "actions": {
                          "Set_meetingURL_B": {
                            "runAfter": {},
                            "metadata": {
                              "operationMetadataId": "d66f6584-8e5b-4576-9ed8-dcf35d760eae"
                            },
                            "type": "SetVariable",
                            "inputs": {
                              "name": "meetingURL",
                              "value": "@{body('Get_callRecord')?['joinWebUrl']}"
                            }
                          },
                          "Set_organizerID_B": {
                            "runAfter": {
                              "Set_meetingURL_B": [
                                "Succeeded"
                              ]
                            },
                            "metadata": {
                              "operationMetadataId": "1cd82cbc-0d85-43b9-9217-e29eb1d4f79f"
                            },
                            "type": "SetVariable",
                            "inputs": {
                              "name": "organizerID",
                              "value": "@{body('Get_callRecord')?['organizer']['user']['id']}"
                            }
                          }
                        },
                        "runAfter": {
                          "callRecordEndDateTime": [
                            "Succeeded"
                          ]
                        },
                        "expression": {
                          "and": [
                            {
                              "not": {
                                "equals": [
                                  "@body('Get_callRecord')?['type']",
                                  "@'peerToPeer'"
                                ]
                              }
                            },
                            {
                              "equals": [
                                "@body('Get_callRecord')?['organizer']['user']['tenantId']",
                                "@variables('tenantID')"
                              ]
                            }
                          ]
                        },
                        "metadata": {
                          "operationMetadataId": "cfbc4784-3d5e-4edd-b9bf-b7e8f73b65e2"
                        },
                        "type": "If",
                        "description": "Check that organizer ID is present and that organizer is from the II tenant."
                      },
                      "callRecordID": {
                        "runAfter": {
                          "Get_callRecord": [
                            "Succeeded"
                          ]
                        },
                        "metadata": {
                          "operationMetadataId": "b8adff53-dc63-4312-a41b-623c47b0bd46"
                        },
                        "type": "Compose",
                        "inputs": "@body('Get_callRecord')?['id']"
                      },
                      "callRecordEndDateTime": {
                        "runAfter": {
                          "callRecordID": [
                            "Succeeded"
                          ]
                        },
                        "metadata": {
                          "operationMetadataId": "aa6d3d45-fb68-4284-9732-b12019ad6b1d"
                        },
                        "type": "Compose",
                        "inputs": "@body('Get_callRecord')?['endDateTime']"
                      }
                    },
                    "runAfter": {
                      "Retrieve_access_token": [
                        "Succeeded"
                      ]
                    },
                    "metadata": {
                      "operationMetadataId": "90715a6a-4b6e-4063-89f1-845e1ef0ca09"
                    },
                    "type": "Scope"
                  },
                  "Retrieve_access_token": {
                    "actions": {
                      "Get_access_token": {
                        "runAfter": {},
                        "metadata": {
                          "operationMetadataId": "28502716-06ad-4a79-918e-6905602d63cf"
                        },
                        "type": "Http",
                        "inputs": {
                          "method": "POST",
                          "uri": "https://login.microsoftonline.com/@{variables('tenantID')}/oauth2/v2.0/token",
                          "headers": {
                            "Content-Type": "application/x-www-form-urlencoded",
                            "Host": "login.microsoft.online.com"
                          },
                          "body": "client_id=@{variables('applicationID')}\n&scope=https%3A%2F%2Fgraph.microsoft.com%2F.default\n&client_secret=@{variables('clientSecret')}\n&grant_type=client_credentials"
                        }
                      }
                    },
                    "runAfter": {},
                    "metadata": {
                      "operationMetadataId": "97033d1e-1b4f-42da-b8bc-a7c614eabc50"
                    },
                    "type": "Scope"
                  }
                },
                "runAfter": {},
                "expression": {
                  "equals": [
                    "@triggerBody()?['value'][0]['resourceData']['oDataType']",
                    "#microsoft.graph.callrecord"
                  ]
                },
                "metadata": {
                  "operationMetadataId": "2fef49d8-edce-42f2-a245-5328c55d08ff"
                },
                "type": "If"
              }
            }
          },
          "expression": {
            "contains": [
              "@triggerOutputs()['headers']['Content-Type']",
              "text/plain"
            ]
          },
          "metadata": {
            "operationMetadataId": "768a1a93-f7d1-4022-bf96-89e3f8767930"
          },
          "type": "If",
          "description": "Expecting that the only time that the content-type header will be text/plain is when validating subscription endpoint."
        },
        "chatID": {
          "runAfter": {},
          "metadata": {
            "operationMetadataId": "032c1d24-2a1f-4b9d-a47a-7cf7dd80ed73"
          },
          "type": "InitializeVariable",
          "inputs": {
            "variables": [
              {
                "name": "chatID",
                "type": "string"
              }
            ]
          }
        },
        "organizerID": {
          "runAfter": {
            "chatID": [
              "Succeeded"
            ]
          },
          "metadata": {
            "operationMetadataId": "8753d49b-4491-4939-a889-44f0ea9492fb"
          },
          "type": "InitializeVariable",
          "inputs": {
            "variables": [
              {
                "name": "organizerID",
                "type": "string"
              }
            ]
          }
        },
        "meetingURL": {
          "runAfter": {
            "optedInUsers": [
              "Succeeded"
            ]
          },
          "metadata": {
            "operationMetadataId": "9dd8174a-7708-4aa6-97e7-69f00de0f098"
          },
          "type": "InitializeVariable",
          "inputs": {
            "variables": [
              {
                "name": "meetingURL",
                "type": "string"
              }
            ]
          }
        },
        "meetingID": {
          "runAfter": {
            "meetingURL": [
              "Succeeded"
            ]
          },
          "metadata": {
            "operationMetadataId": "65781023-f092-4eac-9b3b-b4453780cf75"
          },
          "type": "InitializeVariable",
          "inputs": {
            "variables": [
              {
                "name": "meetingID",
                "type": "string"
              }
            ]
          }
        },
        "transcriptID": {
          "runAfter": {
            "dataverseMeetingUniqueID": [
              "Succeeded"
            ]
          },
          "metadata": {
            "operationMetadataId": "550dd98c-a618-45f9-875e-6041da385130"
          },
          "type": "InitializeVariable",
          "inputs": {
            "variables": [
              {
                "name": "transcriptID",
                "type": "string"
              }
            ]
          }
        },
        "dataverseMeetingUniqueID": {
          "runAfter": {
            "meetingID": [
              "Succeeded"
            ]
          },
          "metadata": {
            "operationMetadataId": "bccf7ba2-9259-4635-b21c-ceb033e5c67c"
          },
          "type": "InitializeVariable",
          "inputs": {
            "variables": [
              {
                "name": "dataverseMeetingUniqueID",
                "type": "string"
              }
            ]
          }
        },
        "messageContent": {
          "runAfter": {
            "transcriptID": [
              "Succeeded"
            ]
          },
          "metadata": {
            "operationMetadataId": "a482e70d-e9fd-4aa1-a173-a6fa7fa0f9ab"
          },
          "type": "InitializeVariable",
          "inputs": {
            "variables": [
              {
                "name": "messageContent",
                "type": "string"
              }
            ]
          },
          "description": "The content of the message returned to the organizer in Microsoft Teams (8/17/2022)."
        },
        "Set_parameters_for_dev_vs_prod": {
          "actions": {
            "If_in_production_environment": {
              "actions": {
                "Set_tenantID_prod": {
                  "runAfter": {},
                  "metadata": {
                    "operationMetadataId": "52e50c89-2ad3-4c03-887a-7e696cfcfe68"
                  },
                  "type": "SetVariable",
                  "inputs": {
                    "name": "tenantID",
                    "value": "@parameters('production_tenant_id (new_production_tenant_id)')"
                  }
                },
                "Set_applicationID_prod": {
                  "runAfter": {
                    "Set_tenantID_prod": [
                      "Succeeded"
                    ]
                  },
                  "metadata": {
                    "operationMetadataId": "3c3076b7-37ff-4db5-a65a-a4efd0148195"
                  },
                  "type": "SetVariable",
                  "inputs": {
                    "name": "applicationID",
                    "value": "@parameters('production_application_id (new_production_application_id)')"
                  }
                },
                "Set_clientSecret_prod": {
                  "runAfter": {
                    "Set_applicationID_prod": [
                      "Succeeded"
                    ]
                  },
                  "metadata": {
                    "operationMetadataId": "c988977d-a908-40ba-829a-21f68564e694"
                  },
                  "type": "SetVariable",
                  "inputs": {
                    "name": "clientSecret",
                    "value": "@parameters('production_client_secret (new_production_client_secret)')"
                  }
                }
              },
              "runAfter": {},
              "else": {
                "actions": {
                  "Set_tenantID_dev": {
                    "runAfter": {},
                    "metadata": {
                      "operationMetadataId": "65d5ee41-c3ea-48da-9b7a-0de34ca938c3"
                    },
                    "type": "SetVariable",
                    "inputs": {
                      "name": "tenantID",
                      "value": "fill with your prod value or environment variable"
                    }
                  },
                  "Set_applicationID": {
                    "runAfter": {
                      "Set_tenantID_dev": [
                        "Succeeded"
                      ]
                    },
                    "metadata": {
                      "operationMetadataId": "c988977d-a908-40ba-829a-21f68564e694"
                    },
                    "type": "SetVariable",
                    "inputs": {
                      "name": "applicationID",
                      "value": "fill with your prod value or environment variable"
                    }
                  },
                  "Set_clientSecret": {
                    "runAfter": {
                      "Set_applicationID": [
                        "Succeeded"
                      ]
                    },
                    "metadata": {
                      "operationMetadataId": "1e0dc7f3-7997-45cf-a9a0-9fc7b73187c9"
                    },
                    "type": "SetVariable",
                    "inputs": {
                      "name": "clientSecret",
                      "value": "fill with your prod value or environment variable"
                    }
                  }
                }
              },
              "expression": {
                "equals": [
                  "@outputs('productionEnv')",
                  "@true"
                ]
              },
              "metadata": {
                "operationMetadataId": "d5a82e45-a945-4c6c-b649-3260c7c51e6c"
              },
              "type": "If"
            }
          },
          "runAfter": {
            "clientSecret": [
              "Succeeded"
            ]
          },
          "metadata": {
            "operationMetadataId": "37dc1289-cf73-4fb9-bacc-8ea459939d60"
          },
          "type": "Scope"
        },
        "tenantID": {
          "runAfter": {
            "productionEnv": [
              "Succeeded"
            ]
          },
          "metadata": {
            "operationMetadataId": "346f8b42-dbe7-4140-92d1-03940d7e96c2"
          },
          "type": "InitializeVariable",
          "inputs": {
            "variables": [
              {
                "name": "tenantID",
                "type": "string"
              }
            ]
          }
        },
        "applicationID": {
          "runAfter": {
            "tenantID": [
              "Succeeded"
            ]
          },
          "metadata": {
            "operationMetadataId": "76950101-a822-4d38-9af7-6fbf39bbec7e"
          },
          "type": "InitializeVariable",
          "inputs": {
            "variables": [
              {
                "name": "applicationID",
                "type": "string"
              }
            ]
          }
        },
        "clientSecret": {
          "runAfter": {
            "applicationID": [
              "Succeeded"
            ]
          },
          "metadata": {
            "operationMetadataId": "1fbbe2bd-38e4-487c-987a-46d0d1ea242e"
          },
          "type": "InitializeVariable",
          "inputs": {
            "variables": [
              {
                "name": "clientSecret",
                "type": "string"
              }
            ]
          }
        },
        "productionEnv": {
          "runAfter": {
            "messageContent": [
              "Succeeded"
            ]
          },
          "metadata": {
            "operationMetadataId": "0cafb105-2ef7-438a-b6bf-fc96a46e35c5"
          },
          "type": "Compose",
          "inputs": "@true",
          "description": "Determines whether to run in development Microsoft Teams tenant (will eventually need to renew) or in the live Infused Innovations/other client environment."
        },
        "organizerEmailAddress": {
          "runAfter": {
            "Initialize_variable": [
              "Succeeded"
            ]
          },
          "metadata": {
            "operationMetadataId": "f381933f-6f56-4de8-95db-0d6f75e7b05a"
          },
          "type": "InitializeVariable",
          "inputs": {
            "variables": [
              {
                "name": "organizerEmailAddress",
                "type": "string"
              }
            ]
          }
        },
        "optedInUsers": {
          "runAfter": {
            "organizerEmailAddress": [
              "Succeeded"
            ]
          },
          "metadata": {
            "operationMetadataId": "d9f84d56-01f1-40bc-a743-5069debe7242"
          },
          "type": "InitializeVariable",
          "inputs": {
            "variables": [
              {
                "name": "optedInUsers",
                "type": "array",
                "value": "@parameters('optedInUsers (new_optedInUsers)')?['optedIn']"
              }
            ]
          }
        },
        "Initialize_variable": {
          "runAfter": {
            "organizerID": [
              "Succeeded"
            ]
          },
          "metadata": {
            "operationMetadataId": "7838d4af-52e6-4e64-be88-d018e54a308b"
          },
          "type": "InitializeVariable",
          "inputs": {
            "variables": [
              {
                "name": "organizerDynamicsID",
                "type": "string"
              }
            ]
          }
        },
        "Track_failure_mining_meeting": {
          "runAfter": {
            "If_validating_subscription_endpoint": [
              "Failed",
              "TimedOut"
            ]
          },
          "metadata": {
            "operationMetadataId": "58e38100-d9c8-4cde-b620-7199636346d7"
          },
          "type": "OpenApiConnection",
          "inputs": {
            "host": {
              "connectionName": "shared_commondataservice_3",
              "operationId": "PostItem_V2",
              "apiId": "/providers/Microsoft.PowerApps/apis/shared_commondataservice"
            },
            "parameters": {
              "dataset": "https://org9e1f0ee9.crm.dynamics.com",
              "table": "cr496_meetingminerstarts",
              "item/cr496_flowrunlink": "@concat('https://make.powerautomate.com/environments/', workflow()?['tags']['environmentName'], '/flows/', workflow()?['name'], '/runs/', workflow()?['run']['name'])",
              "item/cr496_productversion": 0,
              "item/cr496_runstatus": 0,
              "item/cr496_startedby": "@variables('organizerEmailAddress')",
              "item/_ownerid_type": ""
            },
            "authentication": "@parameters('$authentication')"
          }
        },
        "Track_successful_meeting_mined": {
          "runAfter": {
            "If_validating_subscription_endpoint": [
              "Succeeded"
            ]
          },
          "metadata": {
            "operationMetadataId": "0814ddc5-7e73-416b-b17e-797a74879c29"
          },
          "type": "OpenApiConnection",
          "inputs": {
            "host": {
              "connectionName": "shared_commondataservice_3",
              "operationId": "PostItem_V2",
              "apiId": "/providers/Microsoft.PowerApps/apis/shared_commondataservice"
            },
            "parameters": {
              "dataset": "https://org9e1f0ee9.crm.dynamics.com",
              "table": "cr496_meetingminerstarts",
              "item/cr496_flowrunlink": "@concat('https://make.powerautomate.com/environments/', workflow()?['tags']['environmentName'], '/flows/', workflow()?['name'], '/runs/', workflow()?['run']['name'])",
              "item/cr496_runstatus": 1,
              "item/cr496_startedby": "@variables('organizerEmailAddress')",
              "item/_ownerid_type": ""
            },
            "authentication": "@parameters('$authentication')"
          }
        },
        "Send_an_email_(V2)_2": {
          "runAfter": {
            "Track_failure_mining_meeting": [
              "Succeeded"
            ]
          },
          "metadata": {
            "operationMetadataId": "ef9d10c9-dd25-4186-b036-1908f6fe3c9d"
          },
          "type": "OpenApiConnection",
          "inputs": {
            "host": {
              "connectionName": "shared_office365",
              "operationId": "SendEmailV2",
              "apiId": "/providers/Microsoft.PowerApps/apis/shared_office365"
            },
            "parameters": {
              "emailMessage/To": "@parameters('lead_mm_developer_email (new_lead_mm_developer_email)')",
              "emailMessage/Subject": "FAILURE: MeetingMiner failed to mine a meeting.",
              "emailMessage/Body": "<p>Flow run link: @{concat('https://make.powerautomate.com/environments/', workflow()?['tags']['environmentName'], '/flows/', workflow()?['name'], '/runs/', workflow()?['run']['name'])}.<br>\n<br>\nOutputs:&nbsp;@{result('Mine_meeting')}</p>",
              "emailMessage/Importance": "Normal"
            },
            "authentication": "@parameters('$authentication')"
          }
        }
      }
    },
    "templateName": ""
  },
  "schemaVersion": "1.0.0.0"
}