{
  "properties": {
    "connectionReferences": {},
    "definition": {
      "$schema": "https://schema.management.azure.com/providers/Microsoft.Logic/schemas/2016-06-01/workflowdefinition.json#",
      "contentVersion": "1.0.0.0",
      "parameters": {
        "$authentication": {
          "defaultValue": {},
          "type": "SecureObject"
        },
        "azureFnURLWriteFollowUpEmail (new_azureFnURLWriteFollowUpEmail)": {
          "defaultValue": "https://meeting-miner-http.azurewebsites.net/api/write-followup-email?code=dCVRRoGg7xrg2u_Il29a-ZSOpM80ESGstW-ntGGz5Uc9AzFuTq8Lqg==",
          "type": "String",
          "metadata": {
            "schemaName": "new_azureFnURLWriteFollowUpEmail",
            "description": "The URL of the Azure function that takes in a meeting summary and action items and returns a follow-up email."
          }
        }
      },
      "triggers": {
        "manual": {
          "metadata": {
            "operationMetadataId": "69f8ee45-9d14-4a5b-a2bc-39f860f908c4"
          },
          "type": "Request",
          "kind": "PowerAppV2",
          "inputs": {
            "schema": {
              "type": "object",
              "properties": {
                "text": {
                  "title": "meetingID",
                  "type": "string",
                  "x-ms-dynamically-added": true,
                  "description": "Enter the meeting ID from Dataverse.",
                  "x-ms-content-hint": "TEXT"
                },
                "text_1": {
                  "title": "meetingSummary",
                  "type": "string",
                  "x-ms-dynamically-added": true,
                  "description": "Enter the meeting's summary.",
                  "x-ms-content-hint": "TEXT"
                },
                "text_2": {
                  "title": "actionItems",
                  "type": "string",
                  "x-ms-dynamically-added": true,
                  "description": "Enter the formatted list of action items.",
                  "x-ms-content-hint": "TEXT"
                }
              },
              "required": [
                "text",
                "text_1",
                "text_2"
              ]
            }
          }
        }
      },
      "actions": {
        "Write_follow_up_message": {
          "runAfter": {
            "MeetingID": [
              "Succeeded"
            ]
          },
          "metadata": {
            "operationMetadataId": "c5c4eaf6-7aaa-4a6c-a2a8-3cbd6b160879"
          },
          "type": "Http",
          "inputs": {
            "method": "POST",
            "uri": "@parameters('azureFnURLWriteFollowUpEmail (new_azureFnURLWriteFollowUpEmail)')",
            "headers": {
              "Content-Type": "application/json"
            },
            "body": {
              "summary": "@{triggerBody()['text_1']}",
              "action_items": "@{triggerBody()['text_2']}"
            }
          }
        },
        "MeetingID": {
          "runAfter": {},
          "metadata": {
            "operationMetadataId": "f844f266-a3fa-4621-9cd8-7d1553d0d8ef"
          },
          "type": "Compose",
          "inputs": "@triggerBody()['text']"
        },
        "Respond_to_a_PowerApp_or_flow": {
          "runAfter": {
            "Write_follow_up_message": [
              "Succeeded"
            ]
          },
          "metadata": {
            "operationMetadataId": "a6df6822-ff4a-4db8-87ea-28fb9c8366e6"
          },
          "type": "Response",
          "kind": "PowerApp",
          "inputs": {
            "statusCode": 200,
            "body": {
              "followupmessage": "@{json(body('Write_follow_up_message'))?['body']}"
            },
            "schema": {
              "type": "object",
              "properties": {
                "followupmessage": {
                  "title": "followUpMessage",
                  "x-ms-dynamically-added": true,
                  "type": "string"
                }
              }
            }
          }
        }
      },
      "outputs": {}
    },
    "templateName": "0253862642354d9187425cfc8b3bdda2"
  },
  "schemaVersion": "1.0.0.0"
}