<environmentvariabledefinition schemaname="new_lead_mm_developer_email">
  <description default="The email address of the lead MM developer in this environment. Used to send notifications about success/failure events of MeetingMiner app.">
    <label description="The email address of the lead MM developer in this environment. Used to send notifications about success/failure events of MeetingMiner app." languagecode="1033" />
  </description>
  <displayname default="lead_mm_developer_email">
    <label description="lead_mm_developer_email" languagecode="1033" />
  </displayname>
  <introducedversion>1.0.0.0</introducedversion>
  <iscustomizable>1</iscustomizable>
  <isrequired>0</isrequired>
  <secretstore>0</secretstore>
  <type>100000000</type>
</environmentvariabledefinition>