<environmentvariabledefinition schemaname="new_production_application_id">
  <description default="The Azure application ID for the solution.">
    <label description="The Azure application ID for the solution." languagecode="1033" />
  </description>
  <displayname default="production_application_id">
    <label description="production_application_id" languagecode="1033" />
  </displayname>
  <introducedversion>1.0.0.0</introducedversion>
  <iscustomizable>1</iscustomizable>
  <isrequired>0</isrequired>
  <secretstore>0</secretstore>
  <type>100000000</type>
</environmentvariabledefinition>