<environmentvariabledefinition schemaname="new_azureFnURLMMHTTP">
  <description default="The URL of the 'meeting-miner-http' function in Azure. This function processes the transcript against your GPT instance and returns a summary and actions items.">
    <label description="The URL of the 'meeting-miner-http' function in Azure. This function processes the transcript against your GPT instance and returns a summary and actions items." languagecode="1033" />
  </description>
  <displayname default="azureFnURLMMHTTP">
    <label description="azureFnURLMMHTTP" languagecode="1033" />
  </displayname>
  <introducedversion>1.0.0.3</introducedversion>
  <iscustomizable>1</iscustomizable>
  <isrequired>0</isrequired>
  <secretstore>0</secretstore>
  <type>100000000</type>
</environmentvariabledefinition>